﻿<?xml version="1.0" encoding="UTF-8"?>
<data>
  <filters>
    <filter Name="kroot_commonroute" />
    <filter Name="kroot_foulcheck" />
    <filter Name="kroot_hangersandsupports" />
    <filter Name="kroot_planning" />
    <filter Name="kroot_routecable" />
    <filter Name="kroot_routecableway" />
    <filter Name="kroot_routeduct" />
    <filter Name="kroot_routepipe" />
    <filter Name="mroot_catalogdata" />
    <filter Name="mroot_checkmfcty" />
    <filter Name="mroot_common2d" />
    <filter Name="mroot_commonapp" />
    <filter Name="mroot_commonschema" />
    <filter Name="mroot_commonship" />
    <filter Name="mroot_databasetemplates" />
    <filter Name="mroot_dcubed" />
    <filter Name="mroot_dependantatps" />
    <filter Name="mroot_documentation" />
    <filter Name="mroot_drawings" />
    <filter Name="mroot_drawingsisometric" />
    <filter Name="mroot_equipment" />
    <filter Name="mroot_projectmgmt" />
    <filter Name="mroot_refdata" />
    <filter Name="mroot_reports" />
    <filter Name="mroot_s3dcloud" />
    <filter Name="mroot_s3dintegration" />
    <filter Name="mroot_sharedcontent" />
    <filter Name="mroot_shipcatalogdata" />
    <filter Name="mroot_shipdrawings" />
    <filter Name="mroot_shiprefdata" />
    <filter Name="mroot_sm3dhelp" />
    <filter Name="mroot_sp3dhelp" />
    <filter Name="mroot_sp3dpidclient" />
    <filter Name="mroot_sp3dsprdclient" />
    <filter Name="mroot_spintegration" />
    <filter Name="mroot_systemsandspecs" />
    <filter Name="mroot_translators" />
    <filter Name="mroot_typelib64" />
    <filter Name="mroot_weightcg" />
    <filter Name="rroot_source" />
    <filter Name="sroot_civil" />
    <filter Name="sroot_commonspace" />
    <filter Name="sroot_commonstruct" />
    <filter Name="sroot_compartmentation" />
    <filter Name="sroot_copybyfamily" />
    <filter Name="sroot_geometryanalysisandrepair" />
    <filter Name="sroot_geometrytopology" />
    <filter Name="sroot_gridsystem" />
    <filter Name="sroot_holemgmt" />
    <filter Name="sroot_materialshandling" />
    <filter Name="sroot_moldedforms" />
    <filter Name="sroot_shipstructure" />
    <filter Name="sroot_smartplantstructure" />
    <filter Name="sroot_spacemgmt" />
    <filter Name="sroot_structdetail" />
    <filter Name="sroot_structmanufacturing" />
    <filter Name="sroot_structuralanalysis" />
    <filter Name="sroot_structuralmodeling" />
    <filter Name="sroot_tribontranslator" />
    <filter Name="troot_appexample" />
    <filter Name="troot_atp" />
    <filter Name="xroot_bldtools" />
    <filter Name="xroot_client" />
    <filter Name="xroot_container" />
    <filter Name="xroot_doc" />
    <filter Name="xroot_hlm" />
    <filter Name="xroot_mathkernel" />
    <filter Name="xroot_middle" />
    <filter Name="xroot_runtime" />
    <filter Name="xroot_server" />
    <filter Name="xroot_shared" />
    <filter Name="xroot_testing" />
    <filter Name="xroot_tools" />
    <filter Name="xroot_viewctl" />
    <filter Name="yroot_acis" />
    <filter Name="yroot_constraintsolver" />
    <filter Name="yroot_igdsk" />
    <filter Name="yroot_math" />
  </filters>
</data>